,FAT_YEARMONTH,FAT_DAY,FAT_TIME,FATALITY_ID,EVENT_ID,FATALITY_TYPE,FATALITY_DATE,FATALITY_AGE,FATALITY_SEX,FATALITY_LOCATION,EVENT_YEARMONTH
0,200701,16,0,191,6370,I,01/16/2007 00:00:00,74.0,F,Vehicle/Towed Trailer,999999
1,200701,16,0,192,6370,I,01/16/2007 00:00:00,51.0,F,Vehicle/Towed Trailer,999999
2,200701,17,0,493,7276,D,01/17/2007 00:00:00,51.0,F,Outside/Open Areas,999999
3,200701,5,0,1848,7464,I,01/05/2007 00:00:00,13.0,M,Vehicle/Towed Trailer,999999
4,200701,5,0,1849,7464,I,01/05/2007 00:00:00,56.0,F,Vehicle/Towed Trailer,999999
5,200702,1,0,2020,7797,D,02/01/2007 00:00:00,57.0,M,Boating,999999
6,200701,9,0,290,8481,D,01/09/2007 00:00:00,73.0,M,Unknown,999999
7,200701,16,0,298,8884,I,01/16/2007 00:00:00,41.0,M,Vehicle/Towed Trailer,999999
8,200701,15,0,328,9278,I,01/15/2007 00:00:00,31.0,M,Vehicle/Towed Trailer,999999
9,200701,15,0,329,9278,I,01/15/2007 00:00:00,26.0,M,Vehicle/Towed Trailer,999999
10,200701,15,0,330,9278,I,01/15/2007 00:00:00,25.0,M,Vehicle/Towed Trailer,999999
11,200701,14,0,355,9608,I,01/14/2007 00:00:00,22.0,M,Outside/Open Areas,999999
12,200701,14,0,318,9642,I,01/14/2007 00:00:00,21.0,M,Vehicle/Towed Trailer,999999
13,200701,13,0,340,10028,D,01/13/2007 00:00:00,36.0,F,In Water,999999
14,200701,4,0,332,10258,D,01/04/2007 00:00:00,53.0,M,Vehicle/Towed Trailer,999999
15,200701,12,0,343,10300,I,01/12/2007 00:00:00,16.0,M,Vehicle/Towed Trailer,999999
16,200701,12,0,344,10300,I,01/12/2007 00:00:00,81.0,M,Vehicle/Towed Trailer,999999
17,200701,12,0,345,10302,I,01/12/2007 00:00:00,19.0,F,Vehicle/Towed Trailer,999999
18,200701,20,0,348,10493,I,01/20/2007 00:00:00,55.0,M,Vehicle/Towed Trailer,999999
19,200701,31,0,339,10633,I,01/31/2007 00:00:00,32.0,M,Outside/Open Areas,999999
20,200701,20,0,2021,10766,I,01/20/2007 00:00:00,68.0,F,Outside/Open Areas,999999
21,200701,3,0,347,11031,D,01/03/2007 00:00:00,70.0,M,In Water,999999
22,200701,20,0,349,11206,I,01/20/2007 00:00:00,25.0,M,Vehicle/Towed Trailer,999999
23,200701,20,0,350,11206,I,01/20/2007 00:00:00,22.0,F,Vehicle/Towed Trailer,999999
24,200701,20,0,351,11206,I,01/20/2007 00:00:00,2.0,F,Vehicle/Towed Trailer,999999
25,200701,20,0,352,11208,I,01/20/2007 00:00:00,42.0,,Vehicle/Towed Trailer,999999
26,200701,14,0,445,11466,I,01/14/2007 00:00:00,20.0,M,Vehicle/Towed Trailer,999999
27,200701,14,0,446,11466,I,01/14/2007 00:00:00,0.0,M,Vehicle/Towed Trailer,999999
28,200701,29,0,384,11919,D,01/29/2007 00:00:00,80.0,M,Vehicle/Towed Trailer,999999
29,200701,16,0,385,11929,D,01/16/2007 00:00:00,77.0,M,Vehicle/Towed Trailer,999999
30,200701,12,0,392,12024,I,01/12/2007 00:00:00,43.0,M,Vehicle/Towed Trailer,999999
31,200701,12,0,466,12025,I,01/12/2007 00:00:00,58.0,M,Vehicle/Towed Trailer,999999
32,200701,17,0,468,12040,I,01/17/2007 00:00:00,20.0,M,Vehicle/Towed Trailer,999999
33,200701,16,0,458,12046,I,01/16/2007 00:00:00,39.0,M,Vehicle/Towed Trailer,999999
34,200701,13,0,393,12066,I,01/13/2007 00:00:00,5.0,F,Vehicle/Towed Trailer,999999
35,200701,18,0,408,12183,I,01/18/2007 00:00:00,,,Vehicle/Towed Trailer,999999
36,200701,18,0,409,12183,I,01/18/2007 00:00:00,,,Vehicle/Towed Trailer,999999
37,200701,22,0,412,12310,D,01/22/2007 00:00:00,21.0,M,Vehicle/Towed Trailer,999999
38,200701,30,0,413,12332,D,01/30/2007 00:00:00,64.0,M,Outside/Open Areas,999999
39,200701,27,0,421,12527,D,01/27/2007 00:00:00,,M,In Water,999999
40,200701,16,0,471,12542,I,01/16/2007 00:00:00,42.0,M,Unknown,999999
41,200701,12,0,470,12542,I,01/12/2007 00:00:00,48.0,M,Vehicle/Towed Trailer,999999
42,200701,12,0,469,12543,I,01/12/2007 00:00:00,,M,Vehicle/Towed Trailer,999999
43,200701,13,0,467,12544,I,01/13/2007 00:00:00,26.0,F,Vehicle/Towed Trailer,999999
44,200701,14,0,459,12545,I,01/14/2007 00:00:00,16.0,M,Vehicle/Towed Trailer,999999
45,200701,14,0,460,12545,I,01/14/2007 00:00:00,24.0,M,Vehicle/Towed Trailer,999999
46,200701,14,0,461,12545,I,01/14/2007 00:00:00,32.0,M,Vehicle/Towed Trailer,999999
47,200701,14,0,462,12545,I,01/14/2007 00:00:00,19.0,M,Vehicle/Towed Trailer,999999
48,200701,14,0,463,12545,I,01/14/2007 00:00:00,28.0,M,Vehicle/Towed Trailer,999999
49,200701,14,0,464,12545,I,01/14/2007 00:00:00,48.0,M,Vehicle/Towed Trailer,999999
50,200701,14,0,465,12545,I,01/14/2007 00:00:00,,M,Vehicle/Towed Trailer,999999
51,200701,17,0,442,12561,I,01/17/2007 00:00:00,34.0,M,Vehicle/Towed Trailer,999999
52,200701,28,0,870,12611,D,01/28/2007 00:00:00,74.0,M,Outside/Open Areas,999999
53,200701,28,0,869,12611,D,01/28/2007 00:00:00,56.0,M,Permanent Home,999999
54,200701,15,0,455,12716,D,01/15/2007 00:00:00,,M,Outside/Open Areas,999999
55,200701,16,0,456,12717,D,01/16/2007 00:00:00,,M,Unknown,999999
56,200701,17,0,457,12718,D,01/17/2007 00:00:00,,M,Unknown,999999
57,200701,20,0,472,12868,I,01/20/2007 00:00:00,5.0,M,Vehicle/Towed Trailer,999999
58,200701,13,0,496,12919,D,01/13/2007 00:00:00,74.0,F,In Water,999999
59,200701,13,0,497,12919,D,01/13/2007 00:00:00,78.0,M,In Water,999999
60,200701,14,0,487,13070,D,01/14/2007 00:00:00,20.0,M,Vehicle/Towed Trailer,999999
61,200702,17,0,481,13679,D,02/17/2007 00:00:00,,M,In Water,999999
62,200702,17,0,482,13679,D,02/17/2007 00:00:00,23.0,M,In Water,999999
63,200702,17,0,483,13679,D,02/17/2007 00:00:00,50.0,M,In Water,999999
64,200701,4,0,498,13767,D,01/04/2007 00:00:00,37.0,F,Mobile/Trailer Home,999999
65,200701,4,0,499,13767,D,01/04/2007 00:00:00,65.0,F,Mobile/Trailer Home,999999
66,200702,17,0,529,13808,D,02/17/2007 00:00:00,16.0,M,Outside/Open Areas,999999
67,200702,17,0,501,13809,D,02/17/2007 00:00:00,44.0,M,Outside/Open Areas,999999
68,200702,18,0,530,13810,D,02/18/2007 00:00:00,17.0,M,Outside/Open Areas,999999
69,200702,4,0,503,13827,D,02/04/2007 00:00:00,,M,Outside/Open Areas,999999
70,200702,17,0,505,13974,D,02/17/2007 00:00:00,26.0,M,Outside/Open Areas,999999
71,200702,8,0,815,14173,D,02/08/2007 00:00:00,80.0,F,Unknown,999999
72,200702,15,0,816,14173,D,02/15/2007 00:00:00,54.0,M,Unknown,999999
73,200702,4,0,814,14173,D,02/04/2007 00:00:00,84.0,F,Permanent Structure,999999
74,200702,5,0,817,14175,D,02/05/2007 00:00:00,77.0,M,Unknown,999999
75,200702,7,0,818,14175,D,02/07/2007 00:00:00,49.0,M,Unknown,999999
76,200702,10,0,819,14175,D,02/10/2007 00:00:00,60.0,M,Unknown,999999
77,200702,22,0,820,14175,D,02/22/2007 00:00:00,82.0,F,Unknown,999999
78,200701,16,0,534,14383,D,01/16/2007 00:00:00,67.0,M,Permanent Structure,999999
79,200703,30,0,1015,14392,D,03/30/2007 00:00:00,50.0,M,Vehicle/Towed Trailer,999999
80,200702,6,0,513,14613,I,02/06/2007 00:00:00,21.0,F,Vehicle/Towed Trailer,999999
81,200702,27,0,576,14668,D,02/27/2007 00:00:00,92.0,F,Permanent Home,999999
82,200702,27,0,577,14668,D,02/27/2007 00:00:00,79.0,M,Permanent Home,999999
83,200702,28,0,1993,14735,I,02/28/2007 00:00:00,72.0,M,Vehicle/Towed Trailer,999999
84,200702,28,0,1994,14735,I,02/28/2007 00:00:00,70.0,F,Vehicle/Towed Trailer,999999
85,200704,11,0,514,14863,D,04/11/2007 00:00:00,57.0,F,Boating,999999
86,200702,13,0,515,14917,I,02/13/2007 00:00:00,47.0,M,Permanent Home,999999
87,200702,13,0,516,14917,I,02/13/2007 00:00:00,71.0,M,Vehicle/Towed Trailer,999999
88,200702,5,0,517,14922,D,02/05/2007 00:00:00,81.0,F,Outside/Open Areas,999999
89,200701,13,0,525,15047,D,01/13/2007 00:00:00,71.0,M,Vehicle/Towed Trailer,999999
90,200703,30,0,895,15231,D,03/30/2007 00:00:00,80.0,M,Vehicle/Towed Trailer,999999
91,200702,21,0,523,15300,D,02/21/2007 00:00:00,37.0,M,Outside/Open Areas,999999
92,200703,30,0,898,15455,D,03/30/2007 00:00:00,48.0,M,Vehicle/Towed Trailer,999999
93,200702,1,0,536,15779,I,02/01/2007 00:00:00,69.0,F,Vehicle/Towed Trailer,999999
94,200702,24,0,722,15935,D,02/24/2007 00:00:00,,M,Outside/Open Areas,999999
95,200702,23,0,604,15966,D,03/23/2007 00:00:00,70.0,M,Under Tree,999999
96,200703,5,0,1011,16138,I,03/05/2007 00:00:00,,F,Vehicle/Towed Trailer,999999
97,200703,5,0,1012,16138,I,03/05/2007 00:00:00,,M,Vehicle/Towed Trailer,999999
98,200704,11,0,889,16246,D,04/11/2007 00:00:00,62.0,M,Under Tree,999999
99,200704,15,0,2043,16380,D,04/15/2007 00:00:00,53.0,F,Mobile/Trailer Home,999999
100,200702,14,0,538,16426,D,02/14/2007 00:00:00,15.0,F,Outside/Open Areas,999999
101,200702,6,0,542,16586,D,02/06/2007 00:00:00,55.0,M,Outside/Open Areas,999999
102,200702,6,0,543,16594,D,02/06/2007 00:00:00,55.0,M,Outside/Open Areas,999999
103,200702,6,0,544,16595,D,02/06/2007 00:00:00,55.0,M,Outside/Open Areas,999999
104,200702,6,0,545,16596,D,02/06/2007 00:00:00,55.0,M,Outside/Open Areas,999999
105,200702,9,0,547,16637,D,02/09/2007 00:00:00,25.0,M,Outside/Open Areas,999999
106,200702,6,0,546,16640,D,02/06/2007 00:00:00,,M,Outside/Open Areas,999999
107,200702,6,0,549,16662,D,02/06/2007 00:00:00,50.0,M,Outside/Open Areas,999999
108,200702,6,0,548,16678,D,02/06/2007 00:00:00,84.0,F,Outside/Open Areas,999999
109,200702,14,0,619,16684,I,02/14/2007 00:00:00,70.0,M,Outside/Open Areas,999999
110,200702,13,0,723,16784,D,02/13/2007 00:00:00,86.0,F,Mobile/Trailer Home,999999
111,200702,14,0,553,16924,D,02/14/2007 00:00:00,48.0,F,Outside/Open Areas,999999
112,200702,13,0,552,16936,D,02/13/2007 00:00:00,83.0,F,Outside/Open Areas,999999
113,200702,25,0,558,17359,I,02/25/2007 00:00:00,37.0,M,Vehicle/Towed Trailer,999999
114,200703,10,0,559,17627,D,03/10/2007 00:00:00,24.0,M,Outside/Open Areas,999999
115,200702,1,0,560,17674,D,02/01/2007 00:00:00,37.0,M,Outside/Open Areas,999999
116,200702,13,0,878,17691,I,02/13/2007 00:00:00,19.0,F,Vehicle/Towed Trailer,999999
117,200702,13,0,874,17700,I,02/13/2007 00:00:00,63.0,F,Vehicle/Towed Trailer,999999
118,200702,23,0,561,17725,I,02/23/2007 00:00:00,34.0,M,Vehicle/Towed Trailer,999999
119,200702,23,0,569,17797,I,02/23/2007 00:00:00,36.0,F,Vehicle/Towed Trailer,999999
120,200702,23,0,570,17797,I,02/23/2007 00:00:00,18.0,F,Vehicle/Towed Trailer,999999
121,200702,23,0,571,17797,I,02/23/2007 00:00:00,8.0,M,Vehicle/Towed Trailer,999999
122,200702,25,0,568,17941,I,02/25/2007 00:00:00,50.0,M,Vehicle/Towed Trailer,999999
123,200702,12,0,620,18035,I,02/12/2007 00:00:00,19.0,M,Vehicle/Towed Trailer,999999
124,200704,12,0,1843,18093,I,04/12/2007 00:00:00,67.0,M,Vehicle/Towed Trailer,999999
125,200704,12,0,1844,18093,I,04/12/2007 00:00:00,,M,Vehicle/Towed Trailer,999999
126,200703,2,0,1068,18152,I,03/02/2007 00:00:00,16.0,F,Vehicle/Towed Trailer,999999
127,200703,2,0,1069,18152,I,03/02/2007 00:00:00,,,Vehicle/Towed Trailer,999999
128,200702,13,0,2009,18261,D,02/13/2007 00:00:00,9.0,F,Outside/Open Areas,999999
129,200702,6,0,605,18299,I,02/06/2007 00:00:00,58.0,M,Vehicle/Towed Trailer,999999
130,200702,4,0,1296,18540,D,02/04/2007 00:00:00,25.0,F,Outside/Open Areas,999999
131,200702,8,0,1298,18540,D,02/08/2007 00:00:00,51.0,M,Outside/Open Areas,999999
132,200702,11,0,1302,18540,D,02/11/2007 00:00:00,55.0,M,Outside/Open Areas,999999
133,200702,14,0,1303,18540,D,02/14/2007 00:00:00,55.0,M,Outside/Open Areas,999999
134,200702,2,0,1305,18540,D,02/02/2007 00:00:00,55.0,F,Outside/Open Areas,999999
135,200702,5,0,1297,18540,D,02/05/2007 00:00:00,46.0,F,Permanent Home,999999
136,200702,6,0,1299,18540,D,02/06/2007 00:00:00,47.0,M,Permanent Home,999999
137,200702,8,0,1300,18540,D,02/08/2007 00:00:00,86.0,M,Permanent Home,999999
138,200702,10,0,1301,18540,D,02/10/2007 00:00:00,97.0,M,Permanent Home,999999
139,200702,14,0,1304,18540,D,02/14/2007 00:00:00,82.0,F,Permanent Home,999999
140,200702,5,0,618,18549,D,02/05/2007 00:00:00,49.0,M,Outside/Open Areas,999999
141,200702,3,0,617,18554,D,02/03/2007 00:00:00,24.0,M,Outside/Open Areas,999999
142,200702,4,0,625,18662,D,02/04/2007 00:00:00,50.0,M,Permanent Home,999999
143,200702,24,0,623,18806,I,02/24/2007 00:00:00,55.0,M,Unknown,999999
144,200702,25,0,626,18903,I,02/25/2007 00:00:00,17.0,F,Vehicle/Towed Trailer,999999
145,200702,2,0,846,18948,D,02/02/2007 00:00:00,20.0,M,Mobile/Trailer Home,999999
146,200702,2,0,847,18948,D,02/02/2007 00:00:00,66.0,F,Mobile/Trailer Home,999999
147,200702,2,0,848,18948,D,02/02/2007 00:00:00,77.0,F,Mobile/Trailer Home,999999
148,200702,2,0,849,18948,D,02/02/2007 00:00:00,92.0,M,Mobile/Trailer Home,999999
149,200702,2,0,850,18948,D,02/02/2007 00:00:00,17.0,F,Mobile/Trailer Home,999999
150,200702,2,0,851,18948,D,02/02/2007 00:00:00,88.0,F,Mobile/Trailer Home,999999
151,200702,2,0,852,18948,D,02/02/2007 00:00:00,81.0,F,Mobile/Trailer Home,999999
152,200702,27,0,853,18948,D,02/27/2007 00:00:00,88.0,M,Mobile/Trailer Home,999999
153,200702,2,0,854,18950,D,02/02/2007 00:00:00,46.0,M,Mobile/Trailer Home,999999
154,200702,2,0,855,18950,D,02/02/2007 00:00:00,35.0,F,Mobile/Trailer Home,999999
155,200702,2,0,856,18950,D,02/02/2007 00:00:00,15.0,M,Mobile/Trailer Home,999999
156,200702,2,0,857,18950,D,02/02/2007 00:00:00,37.0,M,Mobile/Trailer Home,999999
157,200702,2,0,858,18950,D,02/02/2007 00:00:00,7.0,M,Mobile/Trailer Home,999999
158,200702,2,0,859,18950,D,02/02/2007 00:00:00,58.0,F,Mobile/Trailer Home,999999
159,200702,2,0,860,18950,D,02/02/2007 00:00:00,35.0,F,Mobile/Trailer Home,999999
160,200702,2,0,861,18950,D,02/02/2007 00:00:00,9.0,F,Mobile/Trailer Home,999999
161,200702,2,0,862,18950,D,02/02/2007 00:00:00,49.0,M,Mobile/Trailer Home,999999
162,200702,2,0,863,18950,D,02/02/2007 00:00:00,55.0,M,Mobile/Trailer Home,999999
163,200702,2,0,864,18950,D,02/02/2007 00:00:00,66.0,F,Mobile/Trailer Home,999999
164,200702,2,0,865,18950,D,02/02/2007 00:00:00,54.0,M,Mobile/Trailer Home,999999
165,200702,2,0,866,18950,D,02/02/2007 00:00:00,49.0,F,Mobile/Trailer Home,999999
166,200702,5,0,821,19116,D,02/05/2007 00:00:00,47.0,M,Unknown,999999
167,200702,5,0,822,19116,D,02/05/2007 00:00:00,60.0,M,Unknown,999999
168,200702,9,0,823,19116,D,02/09/2007 00:00:00,22.0,M,Unknown,999999
169,200702,28,0,824,19117,D,02/28/2007 00:00:00,78.0,M,Unknown,999999
170,200703,8,0,1093,19124,D,03/08/2007 00:00:00,45.0,M,Unknown,999999
171,200703,29,0,826,19455,D,03/29/2007 00:00:00,18.0,M,Outside/Open Areas,999999
172,200703,1,0,1104,19854,D,03/01/2007 00:00:00,42.0,M,Mobile/Trailer Home,999999
173,200704,12,0,831,20042,D,04/12/2007 00:00:00,,F,Outside/Open Areas,999999
174,200703,1,0,888,20409,I,03/01/2007 00:00:00,51.0,M,Vehicle/Towed Trailer,999999
175,200703,1,0,1023,20465,D,03/01/2007 00:00:00,48.0,M,Mobile/Trailer Home,999999
176,200703,27,0,1081,20730,D,03/27/2007 00:00:00,91.0,F,Mobile/Trailer Home,999999
177,200703,12,0,1082,20730,D,04/12/2007 00:00:00,90.0,M,Mobile/Trailer Home,999999
178,200703,7,0,900,21251,I,03/07/2007 00:00:00,17.0,M,Vehicle/Towed Trailer,999999
179,200703,7,0,901,21251,I,03/07/2007 00:00:00,16.0,F,Vehicle/Towed Trailer,999999
180,200703,16,0,902,21368,I,03/16/2007 00:00:00,18.0,F,Vehicle/Towed Trailer,999999
181,200703,16,0,1021,21386,D,03/16/2007 00:00:00,66.0,F,Vehicle/Towed Trailer,999999
182,200703,16,0,1020,21396,I,03/16/2007 00:00:00,,,Vehicle/Towed Trailer,999999
183,200703,16,0,1016,21398,I,03/16/2007 00:00:00,23.0,M,Vehicle/Towed Trailer,999999
184,200703,16,0,1017,21398,I,03/16/2007 00:00:00,39.0,M,Vehicle/Towed Trailer,999999
185,200703,16,0,1018,21398,I,03/16/2007 00:00:00,,M,Vehicle/Towed Trailer,999999
186,200703,16,0,1019,21398,I,03/16/2007 00:00:00,79.0,F,Vehicle/Towed Trailer,999999
187,200703,1,0,18231,21424,D,03/01/2007 00:00:00,43.0,M,Permanent Home,999999
188,200703,1,0,18232,21424,D,03/01/2007 00:00:00,53.0,F,Permanent Home,999999
189,200701,5,0,111,4460,I,01/05/2007 00:00:00,25.0,M,Outside/Open Areas,999999
190,200701,18,0,2063,5058,D,01/18/2007 00:00:00,27.0,M,Vehicle/Towed Trailer,999999
191,200707,27,0,2076,45917,D,07/27/2007 00:00:00,24.0,M,Outside/Open Areas,999999
192,200706,19,0,1493,45919,D,06/19/2007 00:00:00,23.0,M,In Water,999999
193,200706,17,0,1499,46093,D,06/17/2007 00:00:00,14.0,F,In Water,999999
194,200707,15,0,1510,46375,I,07/15/2007 00:00:00,,M,Outside/Open Areas,999999
195,200707,9,0,1511,46883,D,07/09/2007 00:00:00,25.0,M,Outside/Open Areas,999999
196,200707,30,0,1588,47970,D,07/30/2007 00:00:00,22.0,M,Outside/Open Areas,999999
197,200706,8,0,1992,47992,D,06/08/2007 00:00:00,30.0,M,Outside/Open Areas,999999
198,200708,10,0,1521,48229,D,08/10/2007 00:00:00,43.0,M,Outside/Open Areas,999999
199,200709,11,0,1524,48296,D,09/11/2007 00:00:00,53.0,M,Outside/Open Areas,999999
200,200708,16,0,1526,48391,D,08/16/2007 00:00:00,35.0,M,Vehicle/Towed Trailer,999999
201,200707,1,0,1543,48721,D,07/01/2007 00:00:00,55.0,M,Permanent Structure,999999
202,200708,26,0,3685,48727,D,08/26/2007 00:00:00,57.0,M,Mobile/Trailer Home,999999
203,200708,15,0,1551,48799,D,08/15/2007 00:00:00,81.0,F,Vehicle/Towed Trailer,999999
204,200708,10,0,1528,49084,D,08/10/2007 00:00:00,55.0,M,Outside/Open Areas,999999
205,200708,13,0,1529,49085,D,08/13/2007 00:00:00,75.0,F,Permanent Structure,999999
206,200707,23,0,1530,49097,I,07/23/2007 00:00:00,36.0,M,Vehicle/Towed Trailer,999999
207,200707,6,0,1531,49375,D,07/06/2007 00:00:00,62.0,M,Outside/Open Areas,999999
208,200707,24,0,1532,49563,D,07/24/2007 00:00:00,50.0,M,Under Tree,999999
209,200708,19,0,1669,50184,D,08/19/2007 00:00:00,37.0,M,Vehicle/Towed Trailer,999999
210,200708,19,0,1670,50218,D,08/19/2007 00:00:00,55.0,M,Mobile/Trailer Home,999999
211,200708,19,0,1677,50246,D,08/19/2007 00:00:00,67.0,M,Vehicle/Towed Trailer,999999
212,200708,19,0,1678,50246,D,08/19/2007 00:00:00,66.0,F,Vehicle/Towed Trailer,999999
213,200708,19,0,1679,50246,D,08/19/2007 00:00:00,37.0,M,Vehicle/Towed Trailer,999999
214,200708,18,0,1680,50246,D,08/18/2007 00:00:00,79.0,M,Vehicle/Towed Trailer,999999
215,200708,18,0,1681,50246,D,08/18/2007 00:00:00,67.0,F,Vehicle/Towed Trailer,999999
216,200707,13,0,1544,50313,D,07/13/2007 00:00:00,40.0,M,Outside/Open Areas,999999
217,200707,24,0,1545,50325,D,07/24/2007 00:00:00,8.0,M,In Water,999999
218,200707,15,0,1546,50332,D,07/15/2007 00:00:00,96.0,M,Permanent Home,999999
219,200707,22,0,1547,50364,D,07/22/2007 00:00:00,36.0,M,In Water,999999
220,200707,2,0,1562,50383,D,08/02/2007 00:00:00,20.0,M,Ball Field,999999
221,200707,27,0,1549,50394,D,07/27/2007 00:00:00,17.0,M,In Water,999999
222,200707,3,0,1563,50397,D,07/03/2007 00:00:00,16.0,M,In Water,999999
223,200708,19,0,1913,50601,D,08/19/2007 00:00:00,51.0,M,Vehicle/Towed Trailer,999999
224,200707,11,0,1561,50962,D,07/11/2007 00:00:00,15.0,M,In Water,999999
225,200707,3,0,1564,51069,D,07/03/2007 00:00:00,16.0,M,In Water,999999
226,200707,14,0,1590,51095,D,07/14/2007 00:00:00,34.0,M,In Water,999999
227,200708,4,0,1685,51108,D,08/04/2007 00:00:00,19.0,F,Outside/Open Areas,999999
228,200708,4,0,1686,51108,D,08/04/2007 00:00:00,25.0,M,Outside/Open Areas,999999
229,200708,16,0,1568,51439,D,08/16/2007 00:00:00,22.0,F,Vehicle/Towed Trailer,999999
230,200708,16,0,1569,51439,D,08/16/2007 00:00:00,18.0,M,Vehicle/Towed Trailer,999999
231,200708,16,0,1570,51446,D,08/16/2007 00:00:00,28.0,M,Vehicle/Towed Trailer,999999
232,200708,16,0,1571,51446,D,08/16/2007 00:00:00,48.0,M,Vehicle/Towed Trailer,999999
233,200707,3,0,1573,51611,D,07/03/2007 00:00:00,70.0,M,Vehicle/Towed Trailer,999999
234,200707,7,0,1574,51613,D,07/07/2007 00:00:00,55.0,M,Permanent Home,999999
235,200707,10,0,1575,51614,D,07/10/2007 00:00:00,60.0,M,Outside/Open Areas,999999
236,200707,12,0,1576,51615,D,07/12/2007 00:00:00,69.0,M,Permanent Home,999999
237,200707,15,0,1577,51616,D,07/15/2007 00:00:00,76.0,M,Outside/Open Areas,999999
238,200707,17,0,1578,51617,D,07/17/2007 00:00:00,47.0,M,Outside/Open Areas,999999
239,200708,18,0,1755,52021,D,08/18/2007 00:00:00,34.0,F,Vehicle/Towed Trailer,999999
240,200707,10,0,1581,52039,D,07/10/2007 00:00:00,72.0,M,Permanent Home,999999
241,200707,3,0,1591,52266,D,07/03/2007 00:00:00,33.0,M,In Water,999999
242,200709,1,0,1610,52589,D,09/01/2007 00:00:00,,,Unknown,999999
243,200709,1,0,1611,52589,D,09/01/2007 00:00:00,,,Unknown,999999
244,200709,1,0,1612,52589,D,09/01/2007 00:00:00,,,Unknown,999999
245,200709,1,0,1613,52589,D,09/01/2007 00:00:00,,,Unknown,999999
246,200709,1,0,1614,52589,D,09/01/2007 00:00:00,,,Unknown,999999
247,200709,1,0,1615,52589,D,09/01/2007 00:00:00,,,Unknown,999999
248,200709,1,0,1616,52589,D,09/01/2007 00:00:00,,,Unknown,999999
249,200709,1,0,1617,52589,D,09/01/2007 00:00:00,,,Unknown,999999
250,200709,1,0,1618,52589,D,09/01/2007 00:00:00,,,Unknown,999999
251,200709,1,0,1619,52589,D,09/01/2007 00:00:00,,,Unknown,999999
252,200709,3,0,1592,52597,D,09/03/2007 00:00:00,,,Unknown,999999
253,200709,3,0,1593,52597,D,09/03/2007 00:00:00,,,Unknown,999999
254,200709,3,0,1594,52597,D,09/03/2007 00:00:00,,,Unknown,999999
255,200709,3,0,1595,52597,D,09/03/2007 00:00:00,,,Unknown,999999
256,200709,3,0,1596,52597,D,09/03/2007 00:00:00,,,Unknown,999999
257,200709,3,0,1597,52597,D,09/03/2007 00:00:00,,,Unknown,999999
258,200709,3,0,1598,52597,D,09/03/2007 00:00:00,,,Unknown,999999
259,200709,3,0,1599,52597,D,09/03/2007 00:00:00,,,Unknown,999999
260,200707,9,0,1620,52643,D,07/09/2007 00:00:00,71.0,M,Vehicle/Towed Trailer,999999
261,200707,6,0,1621,52721,D,07/06/2007 00:00:00,20.0,M,In Water,999999
262,200707,26,0,1637,53066,I,07/26/2007 00:00:00,23.0,M,Other,999999
263,200707,26,0,1638,53066,I,07/26/2007 00:00:00,34.0,M,Other,999999
264,200707,27,0,1640,53327,D,07/27/2007 00:00:00,49.0,M,In Water,999999
265,200707,4,0,1645,53471,D,07/04/2007 00:00:00,51.0,F,Permanent Home,999999
266,200708,8,0,1642,53593,D,08/08/2007 00:00:00,17.0,M,Outside/Open Areas,999999
267,200709,11,0,1649,53798,D,09/11/2007 00:00:00,42.0,M,In Water,999999
268,200709,11,0,1650,53798,D,09/11/2007 00:00:00,23.0,M,In Water,999999
269,200709,23,0,1648,53799,D,09/23/2007 00:00:00,42.0,M,In Water,999999
270,200708,7,0,1652,53868,D,08/07/2007 00:00:00,61.0,M,Under Tree,999999
271,200708,19,0,1667,53872,I,08/19/2007 00:00:00,,M,Permanent Home,999999
272,200708,20,0,4304,54052,D,08/20/2007 00:00:00,51.0,M,Vehicle/Towed Trailer,999999
273,200708,17,0,1890,54711,D,08/17/2007 00:00:00,70.0,F,Outside/Open Areas,999999
274,200708,7,0,1666,54938,D,08/07/2007 00:00:00,56.0,F,Camping,999999
275,200707,1,0,1852,55096,D,07/01/2007 00:00:00,43.0,M,Outside/Open Areas,999999
276,200707,1,0,1853,55096,D,07/01/2007 00:00:00,63.0,M,Outside/Open Areas,999999
277,200707,1,0,1854,55096,D,07/01/2007 00:00:00,73.0,M,Outside/Open Areas,999999
278,200707,15,0,1676,55126,D,07/15/2007 00:00:00,21.0,M,Outside/Open Areas,999999
279,200708,13,0,1682,55175,D,08/13/2007 00:00:00,24.0,M,Outside/Open Areas,999999
280,200708,1,0,1710,55192,D,09/01/2007 00:00:00,21.0,M,Outside/Open Areas,999999
281,200708,18,0,1703,55236,D,08/18/2007 00:00:00,15.0,F,Other,999999
282,200708,20,0,1684,55238,D,08/20/2007 00:00:00,40.0,M,In Water,999999
283,200708,9,0,1776,55523,D,08/09/2007 00:00:00,22.0,F,Vehicle/Towed Trailer,999999
284,200708,6,0,1688,55668,D,08/06/2007 00:00:00,47.0,M,Permanent Home,999999
285,200708,6,0,1689,55668,D,08/06/2007 00:00:00,74.0,M,Permanent Home,999999
286,200708,6,0,1690,55668,D,08/06/2007 00:00:00,74.0,M,Permanent Home,999999
287,200708,6,0,1691,55676,D,08/06/2007 00:00:00,84.0,F,Permanent Home,999999
288,200708,23,0,1707,55789,D,08/23/2007 00:00:00,86.0,M,Under Tree,999999
289,200708,2,0,1693,55830,D,08/02/2007 00:00:00,90.0,F,Permanent Structure,999999
290,200708,10,0,1700,55836,D,08/10/2007 00:00:00,37.0,M,Outside/Open Areas,999999
291,200709,2,0,1701,55840,D,09/02/2007 00:00:00,38.0,M,Outside/Open Areas,999999
292,200709,19,0,1702,55841,I,09/19/2007 00:00:00,39.0,M,Boating,999999
293,200708,17,0,1704,55970,D,08/17/2007 00:00:00,45.0,F,Unknown,999999
294,200708,24,0,1841,56150,I,08/24/2007 00:00:00,38.0,M,Vehicle/Towed Trailer,999999
295,200708,24,0,1842,56150,I,08/24/2007 00:00:00,39.0,M,Vehicle/Towed Trailer,999999
296,200708,23,0,1711,56190,D,08/23/2007 00:00:00,67.0,M,Golfing,999999
297,200709,27,0,1712,56230,D,09/27/2007 00:00:00,53.0,M,Under Tree,999999
298,200708,25,0,1754,56433,D,08/25/2007 00:00:00,24.0,M,Camping,999999
299,200708,20,0,1716,56552,D,08/20/2007 00:00:00,,,In Water,999999
300,200708,29,0,1717,56631,D,08/29/2007 00:00:00,25.0,M,Boating,999999
301,200708,9,0,1828,56713,D,08/09/2007 00:00:00,57.0,M,Permanent Home,999999
302,200708,9,0,1829,56713,D,08/09/2007 00:00:00,53.0,M,Permanent Home,999999
303,200708,7,0,1827,56714,D,08/07/2007 00:00:00,70.0,M,Permanent Home,999999
304,200708,15,0,1751,56732,D,08/15/2007 00:00:00,87.0,F,Permanent Home,999999
305,200708,15,0,1752,56732,D,08/15/2007 00:00:00,68.0,F,Permanent Home,999999
306,200708,9,0,1745,56733,D,08/09/2007 00:00:00,81.0,M,Permanent Home,999999
307,200708,10,0,1746,56733,D,08/10/2007 00:00:00,73.0,F,Permanent Home,999999
308,200708,10,0,1747,56733,D,08/10/2007 00:00:00,88.0,M,Permanent Home,999999
309,200708,13,0,1748,56733,D,08/13/2007 00:00:00,60.0,M,Permanent Home,999999
310,200708,14,0,1749,56733,D,08/14/2007 00:00:00,76.0,M,Permanent Home,999999
311,200708,14,0,1750,56733,D,08/14/2007 00:00:00,62.0,M,Permanent Home,999999
312,200708,22,0,1756,57686,I,08/22/2007 00:00:00,,F,In Water,999999
313,200708,22,0,1757,57686,I,08/22/2007 00:00:00,,M,In Water,999999
314,200708,22,0,1758,57686,I,08/22/2007 00:00:00,,M,In Water,999999
315,200708,27,0,1759,57772,D,08/27/2007 00:00:00,75.0,M,Golfing,999999
316,200708,27,0,1760,57836,D,08/27/2007 00:00:00,57.0,M,Outside/Open Areas,999999
317,200708,15,0,1767,57884,D,08/15/2007 00:00:00,67.0,F,Camping,999999
318,200708,13,0,1765,57884,D,08/13/2007 00:00:00,77.0,F,Outside/Open Areas,999999
319,200708,15,0,1766,57884,D,08/15/2007 00:00:00,32.0,M,Outside/Open Areas,999999
320,200708,8,0,1761,57884,D,08/08/2007 00:00:00,54.0,F,Permanent Home,999999
321,200708,10,0,1762,57884,D,08/10/2007 00:00:00,46.0,F,Permanent Home,999999
322,200708,11,0,1763,57884,D,08/11/2007 00:00:00,70.0,F,Permanent Home,999999
323,200708,13,0,1764,57884,D,08/13/2007 00:00:00,75.0,M,Permanent Home,999999
324,200708,16,0,1769,57884,D,08/16/2007 00:00:00,77.0,F,Permanent Home,999999
325,200708,17,0,1770,57884,D,08/17/2007 00:00:00,62.0,M,Permanent Home,999999
326,200708,17,0,1771,57884,D,08/17/2007 00:00:00,60.0,M,Permanent Home,999999
327,200708,18,0,1772,57884,D,08/18/2007 00:00:00,74.0,M,Permanent Home,999999
328,200708,21,0,1773,57884,D,08/21/2007 00:00:00,89.0,F,Permanent Home,999999
329,200708,24,0,1774,57884,D,08/24/2007 00:00:00,27.0,F,Permanent Home,999999
330,200708,15,0,1768,57884,D,08/15/2007 00:00:00,53.0,M,Permanent Structure,999999
331,200708,1,0,1775,57889,D,08/01/2007 00:00:00,,M,Ball Field,999999
332,200708,19,0,1820,58218,D,08/19/2007 00:00:00,77.0,F,In Water,999999
333,200708,19,0,1821,58218,D,08/19/2007 00:00:00,34.0,F,In Water,999999
334,200708,19,0,1822,58218,D,08/19/2007 00:00:00,17.0,F,In Water,999999
335,200708,19,0,1823,58255,D,08/19/2007 00:00:00,52.0,M,In Water,999999
336,200708,19,0,1781,58267,D,08/19/2007 00:00:00,67.0,F,In Water,999999
337,200708,2,0,1782,58269,D,08/02/2007 00:00:00,47.0,M,Outside/Open Areas,999999
338,200708,9,0,1783,58311,D,08/09/2007 00:00:00,72.0,M,Outside/Open Areas,999999
339,200708,10,0,1784,58311,D,08/10/2007 00:00:00,65.0,M,Permanent Structure,999999
340,200708,19,0,1824,58315,D,08/19/2007 00:00:00,,F,In Water,999999
341,200708,26,0,1798,58411,D,08/26/2007 00:00:00,15.0,M,Outside/Open Areas,999999
342,200708,16,0,1838,58491,D,08/16/2007 00:00:00,26.0,M,Permanent Structure,999999
343,200708,16,0,1839,58491,D,08/16/2007 00:00:00,29.0,M,Permanent Structure,999999
344,200708,16,0,1840,58491,D,08/16/2007 00:00:00,,M,Vehicle/Towed Trailer,999999
345,200708,13,0,1797,58521,D,08/13/2007 00:00:00,65.0,M,Mobile/Trailer Home,999999
346,200708,12,0,1796,58553,D,08/12/2007 00:00:00,87.0,F,Permanent Home,999999
347,200708,29,0,1799,58744,D,08/29/2007 00:00:00,17.0,M,Ball Field,999999
348,200708,16,0,1811,58836,D,08/16/2007 00:00:00,32.0,M,Unknown,999999
349,200708,21,0,1806,58842,D,08/21/2007 00:00:00,86.0,F,Unknown,999999
350,200708,17,0,1804,58844,D,08/17/2007 00:00:00,57.0,M,Unknown,999999
351,200708,10,0,1812,58849,D,08/10/2007 00:00:00,79.0,M,Unknown,999999
352,200708,17,0,1808,58852,D,08/17/2007 00:00:00,69.0,M,Unknown,999999
353,200708,16,0,1809,58852,D,08/16/2007 00:00:00,88.0,M,Unknown,999999
354,200708,30,0,1802,58854,D,08/30/2007 00:00:00,75.0,M,Unknown,999999
355,200708,26,0,1803,58858,D,08/26/2007 00:00:00,77.0,F,Unknown,999999
356,200708,16,0,1810,58862,D,08/16/2007 00:00:00,72.0,M,Unknown,999999
357,200708,21,0,1805,58868,D,08/21/2007 00:00:00,77.0,M,Unknown,999999
358,200708,1,0,1801,58874,D,09/01/2007 00:00:00,67.0,M,Unknown,999999
359,200708,9,0,1818,58885,D,08/09/2007 00:00:00,64.0,M,Permanent Structure,999999
360,200708,15,0,1817,58886,D,08/15/2007 00:00:00,59.0,F,Permanent Home,999999
361,200708,27,0,1836,59039,I,08/27/2007 00:00:00,,,Vehicle/Towed Trailer,999999
362,200708,20,0,1837,59101,D,08/20/2007 00:00:00,93.0,F,Mobile/Trailer Home,999999
363,200707,5,0,1845,59229,D,07/05/2007 00:00:00,68.0,M,Outside/Open Areas,999999
364,200708,16,0,1846,59230,D,08/16/2007 00:00:00,62.0,M,Unknown,999999
365,200709,6,0,1847,59269,D,09/06/2007 00:00:00,37.0,F,Vehicle/Towed Trailer,999999
366,200709,5,0,1880,59507,D,09/05/2007 00:00:00,29.0,F,In Water,999999
367,200709,20,0,1857,59669,I,09/20/2007 00:00:00,1.0,F,Vehicle/Towed Trailer,999999
368,200709,20,0,2316,59671,D,09/20/2007 00:00:00,13.0,M,In Water,999999
369,200709,2,0,2079,59902,D,09/02/2007 00:00:00,21.0,M,Camping,999999
370,200709,8,0,1858,60177,D,09/08/2007 00:00:00,47.0,M,In Water,999999
371,200708,11,0,1860,60300,D,08/11/2007 00:00:00,69.0,F,Permanent Home,999999
372,200708,6,0,1861,60301,D,08/06/2007 00:00:00,46.0,M,Business,999999
373,200709,13,0,1863,60389,D,09/13/2007 00:00:00,80.0,M,Outside/Open Areas,999999
374,200709,1,0,1864,60733,D,09/01/2007 00:00:00,47.0,M,Other,999999
375,200709,4,0,1866,60733,D,09/04/2007 00:00:00,28.0,M,Other,999999
376,200709,4,0,1865,60733,D,09/04/2007 00:00:00,88.0,F,Permanent Home,999999
377,200709,4,0,1867,60733,D,09/04/2007 00:00:00,76.0,M,Permanent Home,999999
378,200709,2,0,1868,60739,D,09/02/2007 00:00:00,38.0,M,Outside/Open Areas,999999
379,200711,23,0,1916,60891,I,11/23/2007 00:00:00,76.0,M,Vehicle/Towed Trailer,999999
380,200710,22,0,1990,61039,D,10/22/2007 00:00:00,51.0,M,In Water,999999
381,200709,29,0,1884,61065,D,09/29/2007 00:00:00,,M,Boating,999999
382,200710,7,0,1887,61255,D,10/07/2007 00:00:00,14.0,M,In Water,999999
383,200712,1,0,1888,61609,I,12/01/2007 00:00:00,,,Vehicle/Towed Trailer,999999
384,200710,7,0,1922,61916,D,10/07/2007 00:00:00,30.0,M,Under Tree,999999
385,200712,7,0,1893,62206,I,12/07/2007 00:00:00,31.0,M,Vehicle/Towed Trailer,999999
386,200712,7,0,1894,62207,I,12/07/2007 00:00:00,31.0,M,Vehicle/Towed Trailer,999999
387,200710,18,0,1983,62476,D,10/18/2007 00:00:00,1.0,M,Mobile/Trailer Home,999999
388,200710,18,0,1984,62476,D,10/18/2007 00:00:00,1.0,F,Mobile/Trailer Home,999999
389,200710,9,0,1899,62701,D,10/09/2007 00:00:00,71.0,M,Boating,999999
390,200710,9,0,1900,62701,D,10/09/2007 00:00:00,72.0,M,Boating,999999
391,200710,22,0,1956,62766,D,10/22/2007 00:00:00,58.0,M,Permanent Home,999999
392,200712,9,0,2277,72617,I,12/09/2007 00:00:00,,,Unknown,999999
393,200712,9,0,2278,72617,I,12/09/2007 00:00:00,,,Unknown,999999
394,200712,9,0,2279,72617,I,12/09/2007 00:00:00,,,Unknown,999999
395,200712,9,0,2280,72617,I,12/09/2007 00:00:00,,,Unknown,999999
396,200712,9,0,2281,72617,I,12/09/2007 00:00:00,,,Unknown,999999
397,200712,9,0,2282,72617,I,12/09/2007 00:00:00,,,Unknown,999999
398,200712,9,0,2283,72617,I,12/09/2007 00:00:00,,,Unknown,999999
399,200712,10,0,2264,72626,I,12/10/2007 00:00:00,,,Unknown,999999
400,200712,9,0,2253,72639,I,12/09/2007 00:00:00,,M,Other,999999
401,200712,9,0,2263,72885,I,12/09/2007 00:00:00,55.0,M,Unknown,999999
402,200712,1,0,2285,72980,I,12/01/2007 00:00:00,46.0,M,Vehicle/Towed Trailer,999999
403,200712,8,0,2266,72983,I,12/08/2007 00:00:00,44.0,M,Unknown,999999
404,200712,9,0,2267,72983,I,12/09/2007 00:00:00,44.0,F,Unknown,999999
405,200712,9,0,2284,72984,I,12/09/2007 00:00:00,34.0,F,Unknown,999999
406,200712,1,0,2286,73027,I,12/01/2007 00:00:00,46.0,M,Vehicle/Towed Trailer,999999
407,200712,1,0,2287,73044,I,12/01/2007 00:00:00,46.0,M,Vehicle/Towed Trailer,999999
408,200712,1,0,2289,73045,I,12/01/2007 00:00:00,46.0,M,Vehicle/Towed Trailer,999999
409,200712,1,0,2296,73061,I,12/01/2007 00:00:00,46.0,M,Vehicle/Towed Trailer,999999
410,200712,1,0,2295,73078,I,12/01/2007 00:00:00,46.0,M,Vehicle/Towed Trailer,999999
411,200712,1,0,2297,73093,I,12/01/2007 00:00:00,46.0,M,Vehicle/Towed Trailer,999999
412,200712,11,0,2304,73233,I,12/11/2007 00:00:00,16.0,M,Vehicle/Towed Trailer,999999
413,200712,24,0,2477,79034,I,12/24/2007 00:00:00,,M,Vehicle/Towed Trailer,999999
414,200710,18,0,3470,110917,D,10/18/2007 00:00:00,44.0,M,In Water,999999
415,200712,2,0,29326,111023,I,12/02/2007 00:00:00,,F,Permanent Home,999999
416,200705,26,0,20405,456341,D,05/26/2007 00:00:00,40.0,M,In Water,999999
417,200706,17,0,20406,456342,D,06/17/2007 00:00:00,26.0,M,In Water,999999
418,200711,13,0,20705,467536,D,11/13/2007 00:00:00,65.0,M,In Water,999999
419,200710,1,0,20706,467537,D,10/01/2007 00:00:00,19.0,M,In Water,999999
420,200709,9,0,20707,467538,D,09/09/2007 00:00:00,56.0,M,In Water,999999
421,200710,22,0,1957,62766,D,10/22/2007 00:00:00,55.0,F,Permanent Home,999999
422,200710,21,0,2012,62886,D,10/21/2007 00:00:00,28.0,M,Outside/Open Areas,999999
423,200710,21,0,2013,62886,D,10/21/2007 00:00:00,25.0,F,Outside/Open Areas,999999
424,200710,21,0,2014,62886,D,10/21/2007 00:00:00,21.0,M,Outside/Open Areas,999999
425,200710,21,0,2015,62886,D,10/21/2007 00:00:00,23.0,M,Outside/Open Areas,999999
426,200710,21,0,2016,62886,D,10/21/2007 00:00:00,20.0,F,Outside/Open Areas,999999
427,200710,21,0,2017,62886,D,10/21/2007 00:00:00,,,Outside/Open Areas,999999
428,200710,21,0,2018,62886,D,10/21/2007 00:00:00,,,Outside/Open Areas,999999
429,200710,21,0,2011,62886,D,10/21/2007 00:00:00,52.0,M,Permanent Home,999999
430,200712,10,0,1917,63151,D,12/10/2007 00:00:00,20.0,F,Vehicle/Towed Trailer,999999
431,200712,1,0,1918,63238,I,12/01/2007 00:00:00,,M,Vehicle/Towed Trailer,999999
432,200712,1,0,1919,63238,I,12/01/2007 00:00:00,51.0,M,Vehicle/Towed Trailer,999999
433,200712,15,0,2302,63389,D,12/15/2007 00:00:00,86.0,F,Permanent Home,999999
434,200712,18,0,2303,63389,D,12/18/2007 00:00:00,74.0,F,Permanent Home,999999
435,200712,10,0,2301,63389,D,12/10/2007 00:00:00,55.0,M,Vehicle/Towed Trailer,999999
436,200712,20,0,1923,63641,I,12/20/2007 00:00:00,73.0,M,Permanent Home,999999
437,200712,20,0,1924,63641,I,12/20/2007 00:00:00,70.0,F,Permanent Home,999999
438,200710,17,0,1928,63960,D,10/17/2007 00:00:00,44.0,M,Mobile/Trailer Home,999999
439,200710,17,0,1929,63960,D,10/17/2007 00:00:00,25.0,F,Mobile/Trailer Home,999999
440,200710,18,0,1953,64011,D,10/18/2007 00:00:00,29.0,M,Mobile/Trailer Home,999999
441,200710,17,0,1958,64342,I,10/17/2007 00:00:00,,M,In Water,999999
442,200710,25,0,2074,64343,D,10/25/2007 00:00:00,20.0,M,Vehicle/Towed Trailer,999999
443,200710,25,0,2075,64343,D,10/25/2007 00:00:00,27.0,M,Vehicle/Towed Trailer,999999
444,200710,16,0,1985,64432,I,10/16/2007 00:00:00,73.0,M,Vehicle/Towed Trailer,999999
445,200710,16,0,1986,64432,I,10/16/2007 00:00:00,64.0,M,Vehicle/Towed Trailer,999999
446,200712,4,0,1996,64859,D,12/04/2007 00:00:00,58.0,M,Boating,999999
447,200712,4,0,1997,64859,D,12/04/2007 00:00:00,57.0,M,Boating,999999
448,200712,4,0,1998,64860,D,12/04/2007 00:00:00,45.0,M,In Water,999999
449,200712,28,0,1999,64861,D,12/28/2007 00:00:00,39.0,M,In Water,999999
450,200712,10,0,2357,64922,I,12/10/2007 00:00:00,,,Unknown,999999
451,200711,24,0,2029,65115,I,11/24/2007 00:00:00,35.0,F,Vehicle/Towed Trailer,999999
452,200711,24,0,2030,65117,I,11/24/2007 00:00:00,23.0,F,Vehicle/Towed Trailer,999999
453,200710,13,0,2046,65797,D,10/13/2007 00:00:00,60.0,M,Camping,999999
454,200712,8,0,2139,65969,I,12/08/2007 00:00:00,51.0,M,Vehicle/Towed Trailer,999999
455,200709,21,0,2055,66113,D,09/21/2007 00:00:00,49.0,M,Outside/Open Areas,999999
456,200712,3,0,2235,66221,D,12/03/2007 00:00:00,57.0,M,Outside/Open Areas,999999
457,200712,2,0,2236,66223,D,12/02/2007 00:00:00,,M,Permanent Home,999999
458,200712,2,0,2238,66625,D,12/02/2007 00:00:00,81.0,M,Outside/Open Areas,999999
459,200712,3,0,2240,66626,D,12/03/2007 00:00:00,,M,Outside/Open Areas,999999
460,200712,2,0,2109,66638,I,12/02/2007 00:00:00,61.0,M,Vehicle/Towed Trailer,999999
461,200711,23,0,2067,66757,D,11/23/2007 00:00:00,67.0,M,Outside/Open Areas,999999
462,200711,10,0,2083,67057,I,11/10/2007 00:00:00,,M,Under Tree,999999
463,200712,14,0,2115,67266,D,12/14/2007 00:00:00,65.0,M,Under Tree,999999
464,200711,3,0,2084,67789,I,11/03/2007 00:00:00,,,Vehicle/Towed Trailer,999999
465,200711,3,0,2085,67789,I,11/03/2007 00:00:00,,,Vehicle/Towed Trailer,999999
466,200711,3,0,2086,67789,I,11/03/2007 00:00:00,,,Vehicle/Towed Trailer,999999
467,200711,11,0,2087,67791,I,11/11/2007 00:00:00,44.0,M,Outside/Open Areas,999999
468,200712,3,0,2241,67809,D,12/03/2007 00:00:00,22.0,M,Permanent Home,999999
469,200712,2,0,2242,67953,D,12/02/2007 00:00:00,33.0,F,Outside/Open Areas,999999
470,200712,2,0,2243,67953,D,12/02/2007 00:00:00,38.0,M,Outside/Open Areas,999999
471,200712,2,0,3503,67954,D,12/02/2007 00:00:00,29.0,M,Outside/Open Areas,999999
472,200712,2,0,3504,67954,D,12/02/2007 00:00:00,41.0,M,Outside/Open Areas,999999
473,200712,2,0,3505,67954,D,12/02/2007 00:00:00,26.0,M,Outside/Open Areas,999999
474,200712,18,0,2102,67955,D,12/18/2007 00:00:00,22.0,M,Outside/Open Areas,999999
475,200712,22,0,2111,68362,D,12/22/2007 00:00:00,65.0,M,Vehicle/Towed Trailer,999999
476,200712,22,0,2112,68363,D,12/22/2007 00:00:00,,,Vehicle/Towed Trailer,999999
477,200712,27,0,2110,68446,D,12/27/2007 00:00:00,19.0,F,Vehicle/Towed Trailer,999999
478,200712,27,0,2113,68491,I,12/27/2007 00:00:00,16.0,M,Vehicle/Towed Trailer,999999
479,200706,8,0,2121,68758,D,06/08/2007 00:00:00,66.0,M,Outside/Open Areas,999999
480,200712,15,0,2124,68914,D,12/15/2007 00:00:00,42.0,M,Vehicle/Towed Trailer,999999
481,200712,13,0,2130,69067,I,12/13/2007 00:00:00,83.0,F,Vehicle/Towed Trailer,999999
482,200712,8,0,2132,69149,I,12/08/2007 00:00:00,35.0,F,Vehicle/Towed Trailer,999999
483,200712,8,0,2133,69155,I,12/08/2007 00:00:00,41.0,M,Vehicle/Towed Trailer,999999
484,200712,16,0,2136,69205,I,12/16/2007 00:00:00,28.0,M,Vehicle/Towed Trailer,999999
485,200712,15,0,2135,69242,I,12/15/2007 00:00:00,45.0,F,Vehicle/Towed Trailer,999999
486,200712,23,0,2138,69362,D,12/23/2007 00:00:00,30.0,M,Outside/Open Areas,999999
487,200712,25,0,2141,69491,D,12/25/2007 00:00:00,53.0,M,Outside/Open Areas,999999
488,200712,31,0,2142,69700,D,12/31/2007 00:00:00,41.0,M,Outside/Open Areas,999999
489,200712,18,0,2145,69984,I,12/18/2007 00:00:00,48.0,M,Under Tree,999999
490,200712,1,0,2152,70202,I,12/01/2007 00:00:00,37.0,M,Unknown,999999
491,200712,1,0,2153,70204,I,12/01/2007 00:00:00,,,Vehicle/Towed Trailer,999999
492,200712,1,0,2154,70204,I,12/01/2007 00:00:00,,,Vehicle/Towed Trailer,999999
493,200712,1,0,2155,70204,I,12/01/2007 00:00:00,,,Vehicle/Towed Trailer,999999
494,200712,4,0,2228,70234,I,12/04/2007 00:00:00,41.0,F,Vehicle/Towed Trailer,999999
495,200712,31,0,2157,70377,I,12/31/2007 00:00:00,31.0,M,Vehicle/Towed Trailer,999999
496,200712,20,0,2269,70557,I,12/20/2007 00:00:00,20.0,M,Vehicle/Towed Trailer,999999
497,200712,20,0,2270,70557,I,12/20/2007 00:00:00,22.0,M,Vehicle/Towed Trailer,999999
498,200712,21,0,2271,70559,I,12/21/2007 00:00:00,24.0,F,Vehicle/Towed Trailer,999999
499,200712,21,0,2273,70560,I,12/21/2007 00:00:00,26.0,M,Vehicle/Towed Trailer,999999
500,200712,4,0,2176,70969,D,12/04/2007 00:00:00,52.0,M,Outside/Open Areas,999999
501,200712,18,0,2219,70993,I,12/18/2007 00:00:00,54.0,M,Vehicle/Towed Trailer,999999
502,200712,8,0,2199,71084,I,12/08/2007 00:00:00,67.0,F,Vehicle/Towed Trailer,999999
503,200712,20,0,2194,71103,I,12/20/2007 00:00:00,89.0,F,Permanent Home,999999
504,200712,20,0,2195,71103,I,12/20/2007 00:00:00,63.0,M,Permanent Home,999999
505,200712,20,0,2196,71103,I,12/20/2007 00:00:00,61.0,F,Permanent Home,999999
506,200712,25,0,2200,71112,I,12/25/2007 00:00:00,71.0,M,Vehicle/Towed Trailer,999999
507,200712,8,0,2198,71141,I,12/08/2007 00:00:00,59.0,M,Vehicle/Towed Trailer,999999
508,200712,13,0,2207,71627,I,12/13/2007 00:00:00,23.0,F,Vehicle/Towed Trailer,999999
509,200712,31,0,2274,72044,I,12/31/2007 00:00:00,17.0,F,Vehicle/Towed Trailer,999999
510,200712,31,0,2275,72045,I,12/31/2007 00:00:00,48.0,F,Vehicle/Towed Trailer,999999
511,200712,31,0,2276,72045,I,12/31/2007 00:00:00,8.0,F,Vehicle/Towed Trailer,999999
512,200712,3,0,3531,72112,I,12/03/2007 00:00:00,,F,Permanent Home,999999
513,200712,3,0,29324,72159,D,12/03/2007 00:00:00,54.0,F,In Water,999999
514,200712,3,0,2227,72166,D,12/03/2007 00:00:00,54.0,M,In Water,999999
515,200712,7,0,3481,72596,I,12/07/2007 00:00:00,27.0,M,Vehicle/Towed Trailer,999999
516,200703,22,0,910,21469,D,03/22/2007 00:00:00,55.0,M,In Water,999999
517,200703,22,0,909,21470,D,03/22/2007 00:00:00,47.0,M,In Water,999999
518,200705,14,0,1357,21475,D,05/14/2007 00:00:00,2.0,M,Outside/Open Areas,999999
519,200703,28,0,1850,21744,D,03/28/2007 00:00:00,59.0,M,Permanent Home,999999
520,200703,28,0,1851,21744,D,03/28/2007 00:00:00,59.0,F,Permanent Home,999999
521,200703,28,0,921,21760,D,03/28/2007 00:00:00,53.0,M,Mobile/Trailer Home,999999
522,200704,2,0,2367,22036,I,04/02/2007 00:00:00,20.0,M,Vehicle/Towed Trailer,999999
523,200703,1,0,1175,22275,D,03/01/2007 00:00:00,9.0,F,Mobile/Trailer Home,999999
524,200703,1,0,1176,22275,D,03/01/2007 00:00:00,,M,Mobile/Trailer Home,999999
525,200703,1,0,1177,22275,D,03/01/2007 00:00:00,,F,Mobile/Trailer Home,999999
526,200703,1,0,1178,22275,D,03/01/2007 00:00:00,41.0,M,Mobile/Trailer Home,999999
527,200703,1,0,1179,22275,D,03/01/2007 00:00:00,,F,Mobile/Trailer Home,999999
528,200703,1,0,1180,22275,D,03/01/2007 00:00:00,13.0,F,Mobile/Trailer Home,999999
529,200703,29,0,1059,22284,D,03/29/2007 00:00:00,29.0,F,Mobile/Trailer Home,999999
530,200703,26,0,1060,22284,D,04/26/2007 00:00:00,76.0,F,Permanent Home,999999
531,200703,22,0,945,22302,D,03/22/2007 00:00:00,63.0,M,Boating,999999
532,200703,22,0,946,22302,D,03/22/2007 00:00:00,58.0,M,Boating,999999
533,200703,22,0,947,22302,D,03/22/2007 00:00:00,,M,Boating,999999
534,200703,11,0,949,22331,D,03/11/2007 00:00:00,52.0,F,Vehicle/Towed Trailer,999999
535,200703,12,0,952,22340,D,03/12/2007 00:00:00,24.0,F,Vehicle/Towed Trailer,999999
536,200703,12,0,2066,22341,D,03/12/2007 00:00:00,49.0,M,Vehicle/Towed Trailer,999999
537,200703,13,0,953,22372,D,03/13/2007 00:00:00,80.0,M,Vehicle/Towed Trailer,999999
538,200705,18,0,3955,22377,D,05/18/2007 00:00:00,50.0,M,Boating,999999
539,200703,1,0,1189,22399,D,03/01/2007 00:00:00,83.0,F,Permanent Home,999999
540,200703,1,0,1181,22399,D,03/01/2007 00:00:00,16.0,M,School,999999
541,200703,1,0,1182,22399,D,03/01/2007 00:00:00,16.0,M,School,999999
542,200703,1,0,1183,22399,D,03/01/2007 00:00:00,17.0,F,School,999999
543,200703,1,0,1184,22399,D,03/01/2007 00:00:00,16.0,F,School,999999
544,200703,1,0,1185,22399,D,03/01/2007 00:00:00,17.0,M,School,999999
545,200703,1,0,1186,22399,D,03/01/2007 00:00:00,16.0,F,School,999999
546,200703,1,0,1187,22399,D,03/01/2007 00:00:00,16.0,M,School,999999
547,200703,1,0,1188,22399,D,03/01/2007 00:00:00,17.0,M,School,999999
548,200703,27,0,1013,22681,D,03/27/2007 00:00:00,26.0,M,In Water,999999
549,200703,30,0,1014,22726,D,03/30/2007 00:00:00,2.0,M,In Water,999999
550,200703,13,0,2412,22961,I,03/13/2007 00:00:00,59.0,F,Vehicle/Towed Trailer,999999
551,200703,13,0,2413,22961,I,03/13/2007 00:00:00,68.0,F,Vehicle/Towed Trailer,999999
552,200703,13,0,2414,22961,I,03/13/2007 00:00:00,67.0,M,Vehicle/Towed Trailer,999999
553,200703,13,0,2415,22961,I,03/13/2007 00:00:00,41.0,M,Vehicle/Towed Trailer,999999
554,200703,13,0,2416,22961,I,03/13/2007 00:00:00,50.0,F,Vehicle/Towed Trailer,999999
555,200703,27,0,1030,22983,D,03/27/2007 00:00:00,69.0,M,In Water,999999
556,200703,13,0,1041,22991,D,03/13/2007 00:00:00,32.0,M,Outside/Open Areas,999999
557,200703,13,0,1042,22991,D,03/13/2007 00:00:00,35.0,M,Outside/Open Areas,999999
558,200703,1,0,1080,23038,D,03/01/2007 00:00:00,7.0,F,Mobile/Trailer Home,999999
559,200705,5,0,2007,23136,D,05/05/2007 00:00:00,35.0,M,In Water,999999
560,200705,12,0,2008,23137,D,05/12/2007 00:00:00,22.0,M,In Water,999999
561,200704,25,0,1061,23488,D,04/25/2007 00:00:00,,,Boating,999999
562,200704,10,0,1100,24650,D,04/10/2007 00:00:00,53.0,M,In Water,999999
563,200704,10,0,1101,24650,D,04/10/2007 00:00:00,49.0,F,In Water,999999
564,200704,13,0,1419,24686,D,04/13/2007 00:00:00,40.0,M,Outside/Open Areas,999999
565,200704,13,0,1108,25808,I,04/13/2007 00:00:00,26.0,F,Vehicle/Towed Trailer,999999
566,200704,13,0,1111,25810,I,04/13/2007 00:00:00,54.0,M,Vehicle/Towed Trailer,999999
567,200704,13,0,1110,25817,I,04/13/2007 00:00:00,51.0,M,Vehicle/Towed Trailer,999999
568,200704,29,0,1112,26122,D,04/29/2007 00:00:00,25.0,M,Outside/Open Areas,999999
569,200705,12,0,1123,26373,I,05/12/2007 00:00:00,,M,Outside/Open Areas,999999
570,200705,12,0,1124,26373,I,05/12/2007 00:00:00,,,Outside/Open Areas,999999
571,200705,11,0,1121,26380,I,05/11/2007 00:00:00,20.0,M,Outside/Open Areas,999999
572,200705,12,0,1122,26380,I,05/12/2007 00:00:00,16.0,M,Outside/Open Areas,999999
573,200704,15,0,1225,26687,D,04/15/2007 00:00:00,52.0,M,Vehicle/Towed Trailer,999999
574,200704,16,0,1194,26734,D,04/16/2007 00:00:00,15.0,F,In Water,999999
575,200705,27,0,1151,27013,D,05/27/2007 00:00:00,26.0,M,In Water,999999
576,200704,24,0,1168,27708,D,04/24/2007 00:00:00,4.0,F,Mobile/Trailer Home,999999
577,200704,24,0,1169,27708,D,04/24/2007 00:00:00,44.0,F,Mobile/Trailer Home,999999
578,200704,24,0,1170,27708,D,04/24/2007 00:00:00,71.0,F,Mobile/Trailer Home,999999
579,200704,24,0,1171,27708,D,04/24/2007 00:00:00,74.0,F,Mobile/Trailer Home,999999
580,200704,24,0,1172,27708,D,04/24/2007 00:00:00,83.0,F,Mobile/Trailer Home,999999
581,200704,24,0,1173,27708,D,04/24/2007 00:00:00,19.0,M,Mobile/Trailer Home,999999
582,200704,24,0,1174,27708,D,04/24/2007 00:00:00,47.0,M,Permanent Home,999999
583,200704,12,0,1193,27954,D,04/12/2007 00:00:00,45.0,M,Boating,999999
584,200704,7,0,1195,28918,I,04/07/2007 00:00:00,54.0,F,Vehicle/Towed Trailer,999999
585,200704,10,0,1196,29350,D,04/10/2007 00:00:00,,M,In Water,999999
586,200704,10,0,1197,29350,D,04/10/2007 00:00:00,,F,In Water,999999
587,200704,16,0,1217,29362,D,04/16/2007 00:00:00,57.0,M,Vehicle/Towed Trailer,999999
588,200704,16,0,1220,29418,D,04/16/2007 00:00:00,90.0,M,Permanent Structure,999999
589,200704,11,0,1205,29435,I,04/11/2007 00:00:00,17.0,M,Outside/Open Areas,999999
590,200704,15,0,1208,29602,D,04/15/2007 00:00:00,43.0,,Vehicle/Towed Trailer,999999
591,200704,15,0,1206,29673,D,04/15/2007 00:00:00,79.0,M,Unknown,999999
592,200704,16,0,1211,29872,D,04/16/2007 00:00:00,5.0,F,Outside/Open Areas,999999
593,200704,4,0,1212,29996,I,04/04/2007 00:00:00,19.0,M,Vehicle/Towed Trailer,999999
594,200704,16,0,1218,30069,D,04/16/2007 00:00:00,,,Unknown,999999
595,200704,16,0,1219,30069,D,04/16/2007 00:00:00,,,Unknown,999999
596,200704,15,0,1221,30442,I,04/15/2007 00:00:00,27.0,F,Vehicle/Towed Trailer,999999
597,200704,15,0,1222,30442,I,04/15/2007 00:00:00,57.0,F,Vehicle/Towed Trailer,999999
598,200706,29,0,1987,31304,D,06/29/2007 00:00:00,63.0,M,Outside/Open Areas,999999
599,200706,29,0,1988,31304,D,06/29/2007 00:00:00,43.0,M,Outside/Open Areas,999999
600,200706,29,0,1989,31304,D,06/29/2007 00:00:00,75.0,M,Outside/Open Areas,999999
601,200705,1,0,1518,31309,D,05/01/2007 00:00:00,23.0,M,Outside/Open Areas,999999
602,200705,2,0,1314,31321,D,05/02/2007 00:00:00,80.0,F,Vehicle/Towed Trailer,999999
603,200706,9,0,1512,31411,D,06/09/2007 00:00:00,14.0,M,Outside/Open Areas,999999
604,200705,2,0,1351,31738,D,05/02/2007 00:00:00,28.0,F,Outside/Open Areas,999999
605,200706,27,0,1517,31773,D,06/27/2007 00:00:00,18.0,F,Under Tree,999999
606,200705,13,0,1233,32064,I,05/13/2007 00:00:00,84.0,F,Business,999999
607,200707,11,0,1695,32340,I,07/11/2007 00:00:00,,M,Business,999999
608,200707,11,0,1696,32340,I,07/11/2007 00:00:00,,M,Business,999999
609,200707,11,0,1697,32340,I,07/11/2007 00:00:00,,,Business,999999
610,200707,11,0,1698,32340,I,07/11/2007 00:00:00,,,Business,999999
611,200707,11,0,1699,32340,D,07/11/2007 00:00:00,40.0,M,Outside/Open Areas,999999
612,200705,24,0,1286,32626,D,05/24/2007 00:00:00,20.0,M,In Water,999999
613,200705,24,0,1287,32626,D,05/24/2007 00:00:00,5.0,M,Vehicle/Towed Trailer,999999
614,200705,24,0,1288,32626,D,05/24/2007 00:00:00,6.0,M,Vehicle/Towed Trailer,999999
615,200705,24,0,1289,32626,D,05/24/2007 00:00:00,48.0,M,Vehicle/Towed Trailer,999999
616,200705,24,0,1290,32627,D,05/24/2007 00:00:00,75.0,M,In Water,999999
617,200705,24,0,1291,32627,D,05/24/2007 00:00:00,73.0,F,In Water,999999
618,200706,19,0,1239,32836,D,06/19/2007 00:00:00,24.0,M,Outside/Open Areas,999999
619,200705,15,0,1294,33226,D,05/15/2007 00:00:00,71.0,M,Vehicle/Towed Trailer,999999
620,200705,7,0,1279,33250,D,05/07/2007 00:00:00,21.0,M,In Water,999999
621,200705,26,0,1280,33262,D,05/26/2007 00:00:00,43.0,M,In Water,999999
622,200705,27,0,1281,33267,D,05/27/2007 00:00:00,31.0,M,In Water,999999
623,200705,8,0,2006,33298,D,05/08/2007 00:00:00,27.0,M,In Water,999999
624,200705,2,0,1258,33322,D,05/02/2007 00:00:00,75.0,F,Vehicle/Towed Trailer,999999
625,200705,2,0,1259,33322,D,05/02/2007 00:00:00,82.0,M,Vehicle/Towed Trailer,999999
626,200705,3,0,1260,33323,D,05/03/2007 00:00:00,6.0,F,Vehicle/Towed Trailer,999999
627,200705,3,0,1261,33333,D,05/03/2007 00:00:00,57.0,F,Vehicle/Towed Trailer,999999
628,200705,24,0,1262,33364,D,05/24/2007 00:00:00,21.0,M,Vehicle/Towed Trailer,999999
629,200706,24,0,1428,34158,D,06/24/2007 00:00:00,47.0,M,Outside/Open Areas,999999
630,200705,5,0,1344,34211,D,05/05/2007 00:00:00,54.0,F,Vehicle/Towed Trailer,999999
631,200707,4,0,1284,34717,D,07/04/2007 00:00:00,32.0,F,Boating,999999
632,200705,19,0,1285,34734,D,05/19/2007 00:00:00,24.0,M,Long Span Roof,999999
633,200705,29,0,1316,34841,D,05/29/2007 00:00:00,28.0,M,Boating,999999
634,200705,29,0,1315,34841,D,05/29/2007 00:00:00,16.0,F,In Water,999999
635,200703,2,0,1306,35284,D,03/02/2007 00:00:00,66.0,F,Outside/Open Areas,999999
636,200705,28,0,1359,35434,D,05/28/2007 00:00:00,18.0,M,In Water,999999
637,200705,27,0,1309,35453,D,05/27/2007 00:00:00,32.0,M,In Water,999999
638,200705,28,0,1311,35456,D,05/28/2007 00:00:00,18.0,M,In Water,999999
639,200705,30,0,1312,35457,D,05/30/2007 00:00:00,56.0,M,In Water,999999
640,200705,4,0,1869,35937,D,05/04/2007 00:00:00,58.0,M,Unknown,999999
641,200705,4,0,1877,35937,D,05/04/2007 00:00:00,63.0,M,In Water,999999
642,200705,4,0,1874,35937,D,05/04/2007 00:00:00,79.0,M,Mobile/Trailer Home,999999
643,200705,4,0,1870,35937,D,05/04/2007 00:00:00,77.0,M,Permanent Home,999999
644,200705,4,0,1871,35937,D,05/04/2007 00:00:00,76.0,F,Permanent Home,999999
645,200705,4,0,1872,35937,D,05/04/2007 00:00:00,49.0,M,Permanent Home,999999
646,200705,4,0,1873,35937,D,05/04/2007 00:00:00,72.0,F,Permanent Home,999999
647,200705,4,0,1875,35937,D,05/04/2007 00:00:00,52.0,M,Permanent Home,999999
648,200705,4,0,1876,35937,D,05/04/2007 00:00:00,78.0,F,Permanent Home,999999
649,200705,5,0,1878,35937,D,05/05/2007 00:00:00,52.0,F,Permanent Home,999999
650,200705,19,0,1879,35937,D,09/19/2007 00:00:00,77.0,M,Permanent Home,999999
651,200705,4,0,1337,36001,D,05/04/2007 00:00:00,84.0,M,Permanent Home,999999
652,200705,7,0,1338,36003,D,05/07/2007 00:00:00,46.0,M,Vehicle/Towed Trailer,999999
653,200705,31,0,1339,36291,D,05/31/2007 00:00:00,31.0,M,In Water,999999
654,200706,1,0,1340,36348,D,06/01/2007 00:00:00,27.0,M,In Water,999999
655,200706,6,0,1341,36845,D,06/06/2007 00:00:00,45.0,F,In Water,999999
656,200705,25,0,1343,36914,D,05/25/2007 00:00:00,,M,In Water,999999
657,200706,18,0,1464,36984,D,06/18/2007 00:00:00,4.0,F,In Water,999999
658,200706,18,0,1436,37054,D,06/18/2007 00:00:00,5.0,F,Vehicle/Towed Trailer,999999
659,200706,18,0,1437,37054,D,06/18/2007 00:00:00,60.0,F,Vehicle/Towed Trailer,999999
660,200706,18,0,1438,37054,D,06/18/2007 00:00:00,2.0,F,Vehicle/Towed Trailer,999999
661,200706,21,0,1360,37068,D,06/21/2007 00:00:00,41.0,M,Under Tree,999999
662,200705,9,0,20404,37079,D,05/09/2007 00:00:00,32.0,M,In Water,999999
663,200707,20,0,1347,37108,I,07/20/2007 00:00:00,,M,Vehicle/Towed Trailer,999999
664,200706,10,0,1352,37247,D,06/10/2007 00:00:00,8.0,M,Vehicle/Towed Trailer,999999
665,200706,10,0,1353,37247,D,06/10/2007 00:00:00,11.0,M,Vehicle/Towed Trailer,999999
666,200704,3,0,1354,37482,D,04/03/2007 00:00:00,15.0,M,In Water,999999
667,200705,2,0,1355,37491,D,05/02/2007 00:00:00,55.0,M,Outside/Open Areas,999999
668,200706,27,0,1356,37564,D,06/27/2007 00:00:00,17.0,M,Outside/Open Areas,999999
669,200706,26,0,1477,37838,D,06/26/2007 00:00:00,13.0,M,In Water,999999
670,200707,25,0,1363,38087,I,07/25/2007 00:00:00,1.0,M,Vehicle/Towed Trailer,999999
671,200706,18,0,1434,38305,D,06/18/2007 00:00:00,48.0,F,Vehicle/Towed Trailer,999999
672,200706,18,0,1435,38305,D,06/18/2007 00:00:00,74.0,M,Vehicle/Towed Trailer,999999
673,200707,1,0,1412,38327,D,07/01/2007 00:00:00,49.0,M,In Water,999999
674,200707,4,0,1413,38328,D,07/04/2007 00:00:00,,M,In Water,999999
675,200706,3,0,1414,38378,D,06/03/2007 00:00:00,,F,Under Tree,999999
676,200706,26,0,1421,38550,D,06/26/2007 00:00:00,71.0,M,Outside/Open Areas,999999
677,200707,24,0,1424,38690,D,07/24/2007 00:00:00,67.0,M,Vehicle/Towed Trailer,999999
678,200707,24,0,1425,38690,D,07/24/2007 00:00:00,45.0,M,Vehicle/Towed Trailer,999999
679,200708,12,0,1452,40239,D,08/12/2007 00:00:00,44.0,M,Outside/Open Areas,999999
680,200708,13,0,1454,40239,D,08/13/2007 00:00:00,52.0,M,Outside/Open Areas,999999
681,200708,12,0,1453,40239,D,08/12/2007 00:00:00,57.0,M,Permanent Home,999999
682,200707,24,0,1432,40275,D,07/24/2007 00:00:00,16.0,M,Outside/Open Areas,999999
683,200706,29,0,1485,41025,D,06/29/2007 00:00:00,43.0,M,Outside/Open Areas,999999
684,200706,29,0,1486,41025,D,06/29/2007 00:00:00,63.0,M,Outside/Open Areas,999999
685,200706,29,0,1487,41025,D,06/29/2007 00:00:00,75.0,M,Outside/Open Areas,999999
686,200706,27,0,1572,41708,D,06/27/2007 00:00:00,68.0,M,Under Tree,999999
687,200706,7,0,1456,41734,D,06/07/2007 00:00:00,65.0,M,In Water,999999
688,200706,7,0,1458,41736,D,06/07/2007 00:00:00,43.0,F,In Water,999999
689,200706,27,0,1457,41738,D,06/27/2007 00:00:00,21.0,M,In Water,999999
690,200707,31,0,1447,42115,D,07/31/2007 00:00:00,60.0,M,Vehicle/Towed Trailer,999999
691,200706,26,0,1448,42194,D,06/26/2007 00:00:00,57.0,F,Outside/Open Areas,999999
692,200708,15,0,1455,42647,D,08/15/2007 00:00:00,48.0,M,Outside/Open Areas,999999
693,200707,1,0,2103,42748,D,07/01/2007 00:00:00,,M,Outside/Open Areas,999999
694,200706,30,0,1461,42858,D,06/30/2007 00:00:00,23.0,M,Under Tree,999999
695,200706,27,0,1462,42894,D,06/27/2007 00:00:00,20.0,M,Vehicle/Towed Trailer,999999
696,200706,27,0,1463,42894,D,06/27/2007 00:00:00,20.0,M,Vehicle/Towed Trailer,999999
697,200706,19,0,1465,43086,D,06/19/2007 00:00:00,,M,Under Tree,999999
698,200706,25,0,1466,43149,D,06/25/2007 00:00:00,27.0,M,Permanent Home,999999
699,200706,13,0,1508,43305,D,06/13/2007 00:00:00,35.0,M,Vehicle/Towed Trailer,999999
700,200706,16,0,1494,43766,D,06/16/2007 00:00:00,23.0,F,In Water,999999
701,200707,4,0,1471,43838,D,07/04/2007 00:00:00,74.0,M,Vehicle/Towed Trailer,999999
702,200706,19,0,1504,43944,D,06/19/2007 00:00:00,81.0,M,Permanent Home,999999
703,200706,19,0,1505,43944,D,06/19/2007 00:00:00,79.0,F,Permanent Home,999999
704,200706,19,0,1507,43944,D,06/19/2007 00:00:00,,F,Permanent Home,999999
705,200706,19,0,1506,43944,D,06/19/2007 00:00:00,74.0,F,Vehicle/Towed Trailer,999999
706,200706,14,0,1472,43967,D,06/14/2007 00:00:00,64.0,F,Permanent Home,999999
707,200706,17,0,1473,43967,D,06/17/2007 00:00:00,55.0,M,Permanent Home,999999
708,200706,18,0,1474,43967,D,06/18/2007 00:00:00,83.0,F,Permanent Home,999999
709,200706,18,0,1475,43967,D,06/18/2007 00:00:00,60.0,F,Permanent Home,999999
710,200706,12,0,1589,44463,D,06/12/2007 00:00:00,66.0,M,Vehicle/Towed Trailer,999999
711,200706,7,0,1480,44783,D,06/07/2007 00:00:00,19.0,M,In Water,999999
712,200706,4,0,1488,45516,I,06/04/2007 00:00:00,,M,Vehicle/Towed Trailer,999999
